<pesantren>

    <pengurus>
        <nama>Firdaus</nama>
        <departemen>Tandif</departemen>
        <komplek>Al-mujtahidin</komplek>
    </pengurus>

    <pengurus>
        <nama>Fahri</nama>
        <departemen>Keamanan</departemen>
        <komplek>Dzunnuroin</komplek>
    </pengurus>

    <pengurus>
        <nama>Hamka</nama>
        <departemen>Bahasa inggris</departemen>
        <komplek>Asy-syafi'i</komplek>
    </pengurus>

    <pengurus>
        <nama>Dandy</nama>
        <departemen>Tarbiyah</departemen>
        <komplek>Al-ghozali</komplek>
    </pengurus>

    <pengurus>
        <nama>Thoriq</nama>
        <departemen>Bahasa arab</departemen>
        <komplek>Al-maliki</komplek>
    </pengurus>
    
</pesantren>