<perpustakaan>
    <rak>
        <buku>
            <judul>Pemrogaman Web Lanjutan</judul>
            <pengarang>Budi</pengarang>
            <penerbit>Informatika Utama</penerbit>
        </buku>
        <buku>
            <judul>Pemrogaman Java Netbeans</judul>
            <pengarang>Agus</pengarang>
            <penerbit>Informatika Utama</penerbit>
        </buku>
        <buku>
            <judul>Pemrogaman Web</judul>
            <pengarang>Cecep</pengarang>
            <penerbit>Informatika Utama</penerbit>
        </buku>
        <buku>
            <judul>Pemrogaman C++</judul>
            <pengarang>Max</pengarang>
            <penerbit>Informatika Utama</penerbit>
        </buku>
        <buku>
            <judul>Pemrogaman WordPrees</judul>
            <pengarang>Udin</pengarang>
            <penerbit>Informatika Utama</penerbit>
        </buku>
    </rak>
</perpustakaan>